<?xml version="1.0" encoding="UTF-8"?>
<configurationDescriptor version="69">
  <logicalFolder name="root" displayName="root" projectFiles="true">
    <logicalFolder name="HeaderFiles"
                   displayName="Header Files"
                   projectFiles="true">
      <itemPath>Polyomino.h</itemPath>
      <itemPath>RedelmeierAlgorithm.h</itemPath>
      <itemPath>client.h</itemPath>
      <itemPath>exceptions.h</itemPath>
      <itemPath>square.h</itemPath>
      <itemPath>tests.h</itemPath>
    </logicalFolder>
    <logicalFolder name="ResourceFiles"
                   displayName="Resource Files"
                   projectFiles="true">
    </logicalFolder>
    <logicalFolder name="SourceFiles"
                   displayName="Source Files"
                   projectFiles="true">
      <itemPath>RedelmeierAlgorithm.cpp</itemPath>
      <itemPath>client.cpp</itemPath>
      <itemPath>main.cpp</itemPath>
      <itemPath>polyomino.cpp</itemPath>
      <itemPath>square.cpp</itemPath>
      <itemPath>tests.cpp</itemPath>
    </logicalFolder>
    <logicalFolder name="ExternalFiles"
                   displayName="Important Files"
                   projectFiles="false">
      <itemPath>PolyominoCounter-Makefile.mk</itemPath>
    </logicalFolder>
  </logicalFolder>
  <projectmakefile>PolyominoCounter-Makefile.mk</projectmakefile>
  <confs>
    <conf name="Debug" type="1">
      <toolsSet>
        <developmentServer>localhost</developmentServer>
        <compilerSet>GNU|GNU</compilerSet>
        <platform>2</platform>
      </toolsSet>
      <compileType>
        <linkerTool>
          <linkerLibItems>
            <linkerLibLibItem>gmpxx</linkerLibLibItem>
            <linkerLibLibItem>gmp</linkerLibLibItem>
          </linkerLibItems>
        </linkerTool>
      </compileType>
    </conf>
    <conf name="Release" type="1">
      <toolsSet>
        <developmentServer>localhost</developmentServer>
        <compilerSet>GNU|GNU</compilerSet>
        <platform>2</platform>
      </toolsSet>
      <compileType>
        <cTool>
          <developmentMode>5</developmentMode>
        </cTool>
        <ccTool>
          <developmentMode>5</developmentMode>
        </ccTool>
        <fortranCompilerTool>
          <developmentMode>5</developmentMode>
        </fortranCompilerTool>
      </compileType>
    </conf>
    <conf name="Linux" type="1">
      <toolsSet>
        <developmentServer>localhost</developmentServer>
        <compilerSet>GNU|GNU</compilerSet>
        <platform>2</platform>
      </toolsSet>
      <compileType>
        <linkerTool>
          <linkerLibItems>
            <linkerLibLibItem>curl</linkerLibLibItem>
            <linkerLibLibItem>gmpxx</linkerLibLibItem>
            <linkerLibLibItem>gmp</linkerLibLibItem>
            <linkerLibLibItem>cppunit</linkerLibLibItem>
          </linkerLibItems>
        </linkerTool>
      </compileType>
    </conf>
    <conf name="Linux_Release" type="1">
      <toolsSet>
        <developmentServer>localhost</developmentServer>
        <compilerSet>GNU|GNU</compilerSet>
        <platform>2</platform>
      </toolsSet>
      <compileType>
        <ccTool>
          <developmentMode>6</developmentMode>
        </ccTool>
        <linkerTool>
          <linkerLibItems>
            <linkerLibLibItem>curl</linkerLibLibItem>
            <linkerLibLibItem>gmpxx</linkerLibLibItem>
            <linkerLibLibItem>gmp</linkerLibLibItem>
            <linkerLibLibItem>cppunit</linkerLibLibItem>
          </linkerLibItems>
        </linkerTool>
      </compileType>
    </conf>
    <conf name="Windows_Release" type="1">
      <toolsSet>
        <developmentServer>localhost</developmentServer>
        <compilerSet>GNU|GNU</compilerSet>
        <platform>2</platform>
      </toolsSet>
      <compileType>
        <ccTool>
          <developmentMode>6</developmentMode>
        </ccTool>
        <linkerTool>
          <linkerLibItems>
            <linkerLibLibItem>curl</linkerLibLibItem>
            <linkerLibLibItem>gmpxx</linkerLibLibItem>
            <linkerLibLibItem>gmp</linkerLibLibItem>
            <linkerLibLibItem>curl.dll</linkerLibLibItem>
          </linkerLibItems>
        </linkerTool>
      </compileType>
    </conf>
  </confs>
</configurationDescriptor>
